CUSTOMER_NAME,FIRST ADDRESS LINE,SECOND ADDRESS LINE,PREM_CITY,PREM_STATE,ZIP CODE,SEQUENCE_NUMBER,BAR_CODE,Indicia
ROY O NASH,6847 Rosemont Dr,,Lucerne,CA,95458-8579,T1  P1-00001 **********AUTO**MIXED AADC 900,DTADDTTADFDTDAFTDTDFTTDTAFADADTFFTFAFFTTFFADADTDFDFDAFDAATTDDFDAF,First Class Presort
SARAH GLENN,7805 Alston Way,,Lucerne,CA,95458-8507,T1  P1-00002 **********AUTO**MIXED AADC 900,AAAFADTFDDTATTDDTATFTDTAAFDDDADATFTFATDADDATDFTFFTDADFADAAAFAAATF,First Class Presort
SHANE LUCAS BOYD,6819 Rosemont Dr,,Lucerne,CA,95458-8579,T1  P1-00003 **********AUTO**MIXED AADC 900,ADTDAAFDADFFAAAAAFTAFAAFTTAADTTDDTTFADFFATDATFFTTFDTDTFFDFTAFDATD,First Class Presort
ROSS N CALVERT,7921 Richard Dr,,Lucerne,CA,95458-8514,T1  P1-00004 **********AUTO**MIXED AADC 900,AFAFDFFTDFFTDTADTDADDADFAADTAFATADDFFAATTFAFFDFATFAFTTATFAADTTADD,First Class Presort
DEBRA PRYOR,7822 Cora Dr,,Lucerne,CA,95458-8524,T1  P1-00005 **********AUTO**MIXED AADC 900,TDFTFTAFFFATDTFAFFATDFFFFATTDDFDATDFDTFTAAAFADDTDAADFTTFFTFDTDDFF,First Class Presort
ROBERT E PEARSALL,7862 Cora Dr,,Lucerne,CA,95458-8525,T1  P1-00006 **********AUTO**MIXED AADC 900,TAATTFTTDFDDATDDAAATADTFADFDFAAAAFFAATTDFDFDFTTADTDFAATDATTFDAAFD,First Class Presort
ROBERT SULLIVAN,7762 Cora Dr,,Lucerne,CA,95458-8511,T1  P1-00007 **********AUTO**MIXED AADC 900,AAATADDFADDAFFTFTAFAADATDDATTATFADTTFDDFDAFADTTFDTFADFATAFTAAATDT,First Class Presort
A,7906 tttttt,,Lucerne,CA,95458-8615,T1  P1-00008 **********AUTO**MIXED AADC 900,ATAFDADDAFTAAADAAAFDADAATFFTFTFFDTFDDFTFDDAAAFADADDDAFAAAADFFFDAD,First Class Presort
D,7739 asdasd,,Lucerne,CA,95458-8511,T1  P1-00009 **********AUTO**MIXED AADC 900,ATAAAADDDATAAAATTTFAATTADFFFDDDADATDAFDFDFATTADDDDATDAFFAFATFFTFA,First Class Presort
